booking_id,guest_first_name,guest_last_name,email,country_of_origin,payment_method,special_request
1522,Matthew,Young,m.young@yahoo.com,Togo,PayPal,None
1880,Adam,Martinez,a.martinez@hotmail.com,Palau,Credit Card,None
1688,Robert,Martin,r.martin@gmail.com,Saint Kitts and Nevis,Credit Card,None
1753,Richard,Martin,r.martin@yahoo.com,Hungary,Bank Transfer,Esse sit qui in.
1686,William,Taylor,w.taylor@gmail.com,Slovakia (Slovak Republic),Credit Card,None
1461,Jennifer,Jones,j.jones@yahoo.com,Svalbard & Jan Mayen Islands,Debit Card,None
1861,Michelle,Gomez,m.gomez@gmail.com,French Guiana,PayPal,None
1592,William,Wilson,w.wilson@hotmail.com,Netherlands,Bank Transfer,None
1148,Andrew,Lewis,a.lewis@gmail.com,Isle of Man,Credit Card,None
1499,Steven,Bell,s.bell@gmail.com,United States,Credit Card,None
1290,Joseph,Mendoza,j.mendoza@yahoo.com,Haiti,Debit Card,None
1960,Joshua,Johnson,j.johnson@yahoo.com,Nicaragua,Debit Card,None
1987,Thomas,Wright,t.wright@gmail.com,Monaco,PayPal,None
1824,Michael,Hill,m.hill@gmail.com,Guinea-Bissau,Debit Card,None
1712,Joshua,Miller,j.miller@hotmail.com,Italy,Credit Card,None
1970,Mary,Scott,m.scott@hotmail.com,Israel,Credit Card,None
1747,William,Moore,w.moore@gmail.com,Guinea-Bissau,Debit Card,None
1942,Karen,King,k.king@yahoo.com,French Southern Territories,PayPal,None
1218,John,Martinez,j.martinez@gmail.com,Cote d'Ivoire,Bank Transfer,None
1025,Kevin,Jackson,k.jackson@gmail.com,Saint Vincent and the Grenadines,PayPal,None
1994,Joshua,Smith,j.smith@hotmail.com,Saint Martin,Debit Card,None
1204,Melissa,Young,m.young@hotmail.com,Samoa,Credit Card,Ea est non tempora.
1575,Michael,Miller,m.miller@hotmail.com,Saint Pierre and Miquelon,Bank Transfer,None
1374,Kelly,Wright,k.wright@gmail.com,Antigua and Barbuda,Credit Card,None
1581,Melissa,Johnson,m.johnson@yahoo.com,Mauritius,Credit Card,None
1507,Christopher,Johnson,c.johnson@yahoo.com,Nauru,Credit Card,None
1424,Charles,Taylor,c.taylor@yahoo.com,Viet Nam,PayPal,None
1422,Richard,Jackson,r.jackson@gmail.com,Eritrea,Credit Card,Sit ut aut sit.
1398,Charles,Davis,c.davis@hotmail.com,Macao,Debit Card,Adipisci ut dolor sit.
1973,John,Johnson,j.johnson@gmail.com,Faroe Islands,Credit Card,None
1260,Andrew,Martinez,a.martinez@gmail.com,Brazil,Bank Transfer,None
1242,Jessica,Smith,j.smith@gmail.com,Estonia,Credit Card,None
1304,Michael,Williams,m.williams@yahoo.com,American Samoa,Credit Card,None
1927,David,Williams,d.williams@hotmail.com,Guernsey,Debit Card,None
1905,Mary,Rodriguez,m.rodriguez@gmail.com,Sao Tome and Principe,Credit Card,Et aut sit ut.
1750,Lisa,Davis,l.davis@gmail.com,Saint Helena,PayPal,None
1780,Susan,Moore,s.moore@yahoo.com,Macedonia,Credit Card,None
1706,Lisa,Williams,l.williams@gmail.com,Bolivia,Bank Transfer,None
1067,Barbara,Miller,b.miller@gmail.com,France,Bank Transfer,None
1141,John,Jones,j.jones@yahoo.com,Eritrea,Debit Card,None
1830,John,Miller,j.miller@yahoo.com,Falkland Islands (Malvinas),Credit Card,None
1609,Barbara,Jones,b.jones@hotmail.com,Svalbard & Jan Mayen Islands,Debit Card,None
1808,John,Smith,j.smith@yahoo.com,Christmas Island,Credit Card,Quisquam ut dolor et.
1617,David,Brown,d.brown@hotmail.com,United States,Credit Card,None
1535,Jennifer,Smith,j.smith@gmail.com,Saint Martin,Debit Card,None
1654,Robert,Wilson,r.wilson@yahoo.com,Central African Republic,Bank Transfer,None
1769,David,Davis,d.davis@hotmail.com,Estonia,Credit Card,None
1033,Mary,Smith,m.smith@hotmail.com,Swaziland,PayPal,None
1607,Michael,Smith,m.smith@yahoo.com,Burkina Faso,Credit Card,None
1733,Robert,Brown,r.brown@yahoo.com,Jersey,Debit Card,None
1890,David,Jones,d.jones@gmail.com,United States Virgin Islands,Bank Transfer,None
1759,Thomas,Johnson,t.johnson@hotmail.com,Saint Lucia,Credit Card,None
1099,James,Smith,j.smith@gmail.com,Haiti,PayPal,None
1768,Jessica,Jones,j.jones@hotmail.com,Slovakia (Slovak Republic),Credit Card,None
1167,Patricia,Brown,p.brown@gmail.com,Bouvet Island (Bouvetoya),PayPal,None
1375,Elizabeth,Brown,e.brown@gmail.com,Northern Mariana Islands,Credit Card,None
1870,Michael,Brown,m.brown@hotmail.com,Korea,Credit Card,Quisquam dolor quisquam dolor.
1181,James,Brown,j.brown@yahoo.com,Guyana,Debit Card,None
1629,Linda,Smith,l.smith@gmail.com,Afghanistan,Credit Card,None
1772,Jennifer,Johnson,j.johnson@yahoo.com,British Indian Ocean Territory (Chagos Archipelago),Bank Transfer,None
1646,Robert,Davis,r.davis@gmail.com,Guatemala,Bank Transfer,Et quisquam et sit.
1393,Richard,Brown,r.brown@gmail.com,Ecuador,Bank Transfer,None
1748,Robert,Williams,r.williams@yahoo.com,Uruguay,PayPal,Dolor et dolor quisquam.
1203,James,Johnson,j.johnson@yahoo.com,Malta,PayPal,None
1978,William,Williams,w.williams@yahoo.com,Congo,Credit Card,None
1723,Richard,Williams,r.williams@gmail.com,Guadeloupe,PayPal,None
1832,Linda,Jones,l.jones@hotmail.com,Burundi,Credit Card,None
1019,Mary,Brown,m.brown@gmail.com,Guam,Bank Transfer,Amet sit ut ut.
1608,Patricia,Rodriguez,p.rodriguez@gmail.com,Malawi,PayPal,None
1912,Mary,Johnson,m.johnson@hotmail.com,Saint Kitts and Nevis,Credit Card,None
1001,Mary,Jones,m.jones@gmail.com,Japan,Credit Card,Amet sit dolor sit.
1690,Robert,Smith,r.smith@hotmail.com,Vanuatu,Bank Transfer,None
1410,Patricia,Johnson,p.johnson@hotmail.com,Malta,Credit Card,None
1726,James,Davis,j.davis@yahoo.com,New Caledonia,Bank Transfer,None
1997,Sarah,Brown,s.brown@hotmail.com,Wallis and Futuna,Bank Transfer,None
1391,Robert,Johnson,r.johnson@gmail.com,United Kingdom,Bank Transfer,None
1679,Mary,Williams,m.williams@gmail.com,Korea,Bank Transfer,None
1471,Robert,Jones,r.jones@hotmail.com,United Kingdom,Debit Card,None
1707,Elizabeth,Rodriguez,e.rodriguez@gmail.com,Spain,Credit Card,Dolor amet sit et.
1514,James,Williams,j.williams@yahoo.com,Holy See (Vatican City State),PayPal,None
1764,Sarah,Rodriguez,s.rodriguez@yahoo.com,Guam,Debit Card,Amet ut dolor ut.
1399,Sarah,Smith,s.smith@hotmail.com,Malta,Bank Transfer,None
1938,Elizabeth,Williams,e.williams@hotmail.com,Anguilla,Debit Card,None
1731,Patricia,Smith,p.smith@gmail.com,Cook Islands,Credit Card,None
1700,James,Miller,j.miller@yahoo.com,Guinea-Bissau,Debit Card,None
1539,Patricia,Davis,p.davis@gmail.com,Saint Martin,Debit Card,None
1682,Michael,Brown,m.brown@yahoo.com,Reunion,Credit Card,None
1858,Michael,Johnson,m.johnson@hotmail.com,Marshall Islands,Debit Card,None
1165,William,Smith,w.smith@gmail.com,Nicaragua,Credit Card,None
1238,William,Johnson,w.johnson@gmail.com,Mayotte,Bank Transfer,None
1618,Patricia,Williams,p.williams@yahoo.com,Togo,Bank Transfer,None
1366,Barbara,Williams,b.williams@gmail.com,Maldives,Debit Card,None
1784,Richard,Miller,r.miller@hotmail.com,Malta,Bank Transfer,None
1345,Jennifer,Williams,j.williams@gmail.com,Tokelau,Credit Card,None
1773,Mary,Miller,m.miller@hotmail.com,Wallis and Futuna,Bank Transfer,None
1662,William,Davis,w.davis@gmail.com,Guinea,Credit Card,None
1168,James,Jones,j.jones@hotmail.com,Cocos (Keeling) Islands,Credit Card,None
1433,Jennifer,Miller,j.miller@hotmail.com,Niue,Credit Card,None
1022,James,Johnson,j.johnson@gmail.com,Samoa,Bank Transfer,None
1909,Michael,Jones,m.jones@gmail.com,Liberia,Debit Card,None
1814,Jennifer,Brown,j.brown@gmail.com,Sudan,Credit Card,None
1675,John,Brown,j.brown@gmail.com,Bahamas,Bank Transfer,None
1918,Sarah,Johnson,s.johnson@hotmail.com,United States,Credit Card,None
1388,Michael,Rodriguez,m.rodriguez@gmail.com,Antarctica (the territory South of 60 deg S),Bank Transfer,None
1512,David,Miller,d.miller@gmail.com,Senegal,Debit Card,None
1515,David,Smith,d.smith@yahoo.com,Turkmenistan,Bank Transfer,None
1877,Michael,Rodriguez,m.rodriguez@yahoo.com,French Polynesia,Credit Card,None
1578,Linda,Johnson,l.johnson@yahoo.com,French Guiana,PayPal,None
1835,William,Miller,w.miller@yahoo.com,Pitcairn Islands,Debit Card,None
1954,Jennifer,Davis,j.davis@gmail.com,Gibraltar,Credit Card,None
1419,William,Brown,w.brown@hotmail.com,Svalbard & Jan Mayen Islands,Debit Card,None
1785,Robert,Rodriguez,r.rodriguez@hotmail.com,Norfolk Island,Credit Card,None
1040,Jennifer,Johnson,j.johnson@gmail.com,Equatorial Guinea,Credit Card,None
1255,Elizabeth,Smith,e.smith@yahoo.com,Liberia,Credit Card,None
1825,Patricia,Miller,p.miller@yahoo.com,Saint Kitts and Nevis,PayPal,None
1119,Linda,Williams,l.williams@hotmail.com,Turks and Caicos Islands,Credit Card,None
1264,Michael,Smith,m.smith@gmail.com,Slovakia (Slovak Republic),Credit Card,None
1630,Elizabeth,Jones,e.jones@yahoo.com,Nicaragua,PayPal,None
1741,Linda,Rodriguez,l.rodriguez@gmail.com,Jamaica,Credit Card,Amet ut dolor ut.
1829,Linda,Miller,l.miller@yahoo.com,Chad,Credit Card,None
1758,David,Rodriguez,d.rodriguez@hotmail.com,Tanzania,Debit Card,None
1735,Robert,Johnson,r.johnson@gmail.com,South Georgia and the South Sandwich Islands,Credit Card,None
1910,John,Davis,j.davis@hotmail.com,Mauritania,PayPal,None
1840,Sarah,Williams,s.williams@hotmail.com,United States,Credit Card,None
1230,Sarah,Davis,s.davis@hotmail.com,Fiji,PayPal,None
1809,David,Smith,d.smith@gmail.com,Russian Federation,Debit Card,None
1850,Sarah,Miller,s.miller@gmail.com,Kiribati,Credit Card,None
1219,Jessica,Brown,j.brown@yahoo.com,Netherlands Antilles,Credit Card,None
1941,James,Smith,j.smith@yahoo.com,Palau,Credit Card,None
1488,Jessica,Williams,j.williams@yahoo.com,Tonga,Credit Card,None
1486,Robert,Williams,r.williams@gmail.com,Gambia,Bank Transfer,None
1370,Thomas,Williams,t.williams@gmail.com,Cambodia,Bank Transfer,None
1713,Barbara,Johnson,b.johnson@hotmail.com,New Zealand,Bank Transfer,Dolor sit amet ut.
3089,James,Jones,j.jones@gmail.com,Somalia,Debit Card,None
3028,Robert,Rodriguez,r.rodriguez@gmail.com,Netherlands Antilles,Credit Card,None
3018,Jennifer,Williams,j.williams@yahoo.com,Yemen,Credit Card,Amet et quisquam dolor.
3042,James,Brown,j.brown@yahoo.com,Jordan,Credit Card,None
3093,James,Miller,j.miller@hotmail.com,Dominican Republic,Credit Card,None
3067,Barbara,Miller,b.miller@gmail.com,United States,Debit Card,None
3052,Michael,Williams,m.williams@hotmail.com,Korea,Credit Card,Dolor sit et ut.
3078,John,Rodriguez,j.rodriguez@hotmail.com,Timor-Leste,PayPal,None
3030,Michael,Brown,m.brown@gmail.com,Peru,Credit Card,None
3098,David,Williams,d.williams@hotmail.com,Tuvalu,Bank Transfer,None
3007,Elizabeth,Smith,e.smith@yahoo.com,Equatorial Guinea,Credit Card,None
3074,John,Brown,j.brown@hotmail.com,Costa Rica,Credit Card,None
3003,John,Johnson,j.johnson@gmail.com,Sao Tome and Principe,Credit Card,None
3051,Robert,Smith,r.smith@hotmail.com,Togo,Bank Transfer,None
3053,David,Johnson,d.johnson@gmail.com,Guernsey,Debit Card,Amet amet amet sit.
3034,Barbara,Smith,b.smith@gmail.com,United States,PayPal,None
3031,Sarah,Smith,s.smith@gmail.com,Saint Vincent and the Grenadines,Credit Card,None
3085,James,Williams,j.williams@gmail.com,Ghana,Bank Transfer,None
3036,Mary,Jones,m.jones@gmail.com,Brazil,Credit Card,None
3010,Patricia,Jones,p.jones@yahoo.com,Eritrea,Credit Card,None
3004,Sarah,Brown,s.brown@hotmail.com,Reunion,Debit Card,None
3090,Jessica,Johnson,j.johnson@hotmail.com,South Africa,Debit Card,None
3047,John,Miller,j.miller@hotmail.com,Dominica,Bank Transfer,None
1003,Jennifer,Davis,j.davis@yahoo.com,Slovenia,Credit Card,None
